<?xml version="1.0" encoding="UTF-8"?><Library xmlns="http://hl7.org/fhir"><id value="example-image"/><url value="http://somewhere.org/fhir/uv/myig/Library/example-image"/><version value="0.2.0"/><name value="ExampleLibraryImage"/><title value="Example Library Image"/><status value="draft"/><experimental value="true"/><type><coding><system value="http://terminology.hl7.org/CodeSystem/library-type"/><code value="asset-collection"/></coding></type><date value="2020-05-15T00:00:00.000+10:00"/><publisher value="HL7 International - [Some] Work Group"/><contact><telecom><system value="url"/><value value="http://hl7.org/Special/committees/[something]"/></telecom></contact><jurisdiction><coding><system value="http://unstats.un.org/unsd/methods/m49/m49.htm"/><code value="001"/></coding></jurisdiction><content><contentType value="image/png"/><data/></content></Library>