<?xml version="1.0" encoding="UTF-8"?>

<Bundle xmlns="http://hl7.org/fhir">
  <id value="h1"/>
  <type value="collection"/>
  <entry>
    <fullUrl value="http://somewhere.org/fhir/uv/myig/Provenance/h1-1"/>
    <resource>
      <Provenance>
        <id value="h1-1"/>
        <text>
          <status value="generated"/><div xmlns="http://www.w3.org/1999/xhtml"><p><b>Generated Narrative</b></p><p><b>target</b>: <a href="StructureDefinition-myObservation.html">Generated Summary: url: http://somewhere.org/fhir/uv/myig/StructureDefinition/myObservation; version: 0.2.0; name: MyObservation; title: My Observation Profile; status: draft; date: Jun 15, 2021, 9:35:46 AM; publisher: GTRI; http://hl7.org/Special/committ...; description: A profile showing the use of XML to author profiles; <span title="Codes: {http://unstats.un.org/unsd/methods/m49/m49.htm 001}">World</span>; fhirVersion: 4.0.1; kind: resource; type: Observation; baseDefinition: http://hl7.org/fhir/StructureDefinition/Observation; derivation: constraint</a></p><p><b>occurred</b>: 2015-11-30</p><p><b>recorded</b>: Dec 31, 2019, 7:00:00 PM</p><p><b>reason</b>: <span title="Codes: ">Add "conductible" property to ActRelationshipType and ParticipationType codes.for ContextConduction RIM Change. And create Concept domain CodeSystem and ValueSet for ContextConductionStyle</span></p><p><b>activity</b>: <span title="Codes: {http://terminology.hl7.org/CodeSystem/v3-DataOperation UPDATE}">revise</span></p><blockquote><p><b>agent</b></p><p><b>type</b>: <span title="Codes: {http://terminology.hl7.org/CodeSystem/provenance-participant-type author}">Author</span></p><p><b>who</b>: <span>Rob Hausam</span></p></blockquote><blockquote><p><b>agent</b></p><p><b>type</b>: <span title="Codes: {http://terminology.hl7.org/CodeSystem/provenance-participant-type verifier}">Verifier</span></p><p><b>who</b>: <span>Vocab</span></p></blockquote></div>
        </text>
        <target>
          <reference value="StructureDefinition/myObservation"/>
        </target>
        <occurredDateTime value="2015-11-30"/>
        <recorded value="2020-01-01T00:00:00.000Z"/>
        <reason>
          <text value="Add &quot;conductible&quot; property to ActRelationshipType and ParticipationType codes.for ContextConduction RIM Change. And create Concept domain CodeSystem and ValueSet for ContextConductionStyle"/>
        </reason>
        <activity>
          <coding>
            <system value="http://terminology.hl7.org/CodeSystem/v3-DataOperation"/>
            <code value="UPDATE"/>
          </coding>
        </activity>
        <agent>
          <type>
            <coding>
              <system value="http://terminology.hl7.org/CodeSystem/provenance-participant-type"/>
              <code value="author"/>
            </coding>
          </type>
          <who>
            <display value="Rob Hausam"/>
          </who>
        </agent>
        <agent>
          <type>
            <coding>
              <system value="http://terminology.hl7.org/CodeSystem/provenance-participant-type"/>
              <code value="verifier"/>
            </coding>
          </type>
          <who>
            <display value="Vocab"/>
          </who>
        </agent>
      </Provenance>
    </resource>
  </entry>
</Bundle>