<?xml version="1.0" encoding="UTF-8"?>

<ValueSet xmlns="http://hl7.org/fhir">
  <id value="valueset-no-codesystem"/>
  <text>
    <status value="generated"/><div xmlns="http://www.w3.org/1999/xhtml"><ul><li>Include these codes as defined in <code>http://not-a-known-code-system</code><table class="none"><tr><td style="white-space:nowrap"><b>Code</b></td><td><b>Display</b></td></tr><tr><td>not-known-code</td><td/></tr><tr><td>not-known-code2</td><td/></tr></table></li></ul></div>
  </text>
  <url value="http://somewhere.org/fhir/uv/myig/ValueSet/valueset-no-codesystem"/>
  <version value="0.2.0"/>
  <name value="ValueSetWithNoCodeSystem"/>
  <title value="ValueSet with no code-system"/>
  <status value="draft"/>
  <experimental value="true"/>
  <date value="2015-06-22"/>
  <publisher value="GTRI"/>
  <contact>
    <telecom>
      <system value="url"/>
      <value value="http://hl7.org/Special/committees/[something]"/>
    </telecom>
  </contact>
  <description value="A sample value set where there&#39;s no known code system"/>
  <jurisdiction>
    <coding>
      <system value="http://unstats.un.org/unsd/methods/m49/m49.htm"/>
      <code value="001"/>
    </coding>
  </jurisdiction>
  <compose>
    <include>
      <system value="http://not-a-known-code-system"/>
      <concept>
        <code value="not-known-code"/>
      </concept>
      <concept>
        <code value="not-known-code2"/>
      </concept>
    </include>
  </compose>
</ValueSet>