[
  {
    "id": "example.fhir.uv.myig",
    "type": "ImplementationGuide",
    "url": "http://somewhere.org/fhir/uv/myig/ImplementationGuide/example.fhir.uv.myig",
    "version": "0.2.0",
    "name": "mmgfhirig"
  },
  {
    "id": "example",
    "type": "Library",
    "url": "http://somewhere.org/fhir/uv/myig/Library/example",
    "version": "0.2.0",
    "name": "Example"
  },
  {
    "id": "example-image",
    "type": "Library",
    "url": "http://somewhere.org/fhir/uv/myig/Library/example-image",
    "version": "0.2.0",
    "name": "ExampleLibraryImage"
  },
  {
    "id": "GOFSH-GENERATED-ID-0",
    "type": "Library",
    "url": "http://somewhere.org/fhir/uv/myig/Library/example-image",
    "version": "0.2.0",
    "name": "ExampleLibraryImage"
  },
  {
    "id": "example-sql",
    "type": "Library",
    "url": "http://somewhere.org/fhir/uv/myig/Library/example-sql",
    "version": "0.2.0",
    "name": "ExampleLibrary"
  },
  {
    "id": "GOFSH-GENERATED-ID-1",
    "type": "Library",
    "url": "http://somewhere.org/fhir/uv/myig/Library/example-sql",
    "version": "0.2.0",
    "name": "ExampleLibrary"
  },
  {
    "id": "mmg-fhir-specimen",
    "type": "StructureDefinition",
    "url": "http://somewhere.org/fhir/uv/myig/StructureDefinition/mmg-fhir-specimen",
    "version": "0.2.0",
    "name": "MMGFHIRSpecimen"
  },
  {
    "id": "myObservation",
    "type": "StructureDefinition",
    "url": "http://somewhere.org/fhir/uv/myig/StructureDefinition/myObservation",
    "version": "0.2.0",
    "name": "MyObservation"
  },
  {
    "id": "mypatient",
    "type": "StructureDefinition",
    "url": "http://somewhere.org/fhir/uv/myig/StructureDefinition/mypatient",
    "version": "0.2.0",
    "name": "MyPatient"
  },
  {
    "id": "valueset-no-codesystem",
    "type": "ValueSet",
    "url": "http://somewhere.org/fhir/uv/myig/ValueSet/valueset-no-codesystem",
    "version": "0.2.0",
    "name": "ValueSetWithNoCodeSystem"
  },
  {
    "id": "performing-laboratory",
    "type": "StructureDefinition",
    "url": "https://mmg-fhir-ig.github.io/sample-ig/output/performingLab",
    "version": "0.2.0",
    "name": "PerformingLaboratory"
  }
]